arcsinPctS,EggDensity,PctS
61.68,5,0.880311812
58.37,5,0.851452459
69.3,5,0.935444031
61.68,5,0.880311812
69.3,5,0.935444031
68.21,20,0.928550629
66.72,20,0.918584397
63.44,20,0.894466614
60.84,20,0.873262455
58.69,50,0.854368144
58.37,50,0.851452459
58.37,50,0.851452459
53.13,100,0.799998928
49.89,100,0.764808968
